window_idx,step_1,step_2,step_3
0,0.077729106,0.080352545,0.07691313
1,0.07262246,0.07586226,0.07283999
2,0.06995961,0.07288903,0.068487674
3,0.06731673,0.07002179,0.065906346
4,0.06616536,0.06898895,0.064265124
5,0.06824498,0.0705875,0.066753
6,0.07134002,0.07321386,0.067978375
7,0.07480393,0.07646912,0.070622236
8,0.07541682,0.07653865,0.070410974
9,0.07618964,0.0768231,0.06959081
10,0.07546921,0.07638766,0.069570705
11,0.07292925,0.0748941,0.06841841
12,0.0713839,0.07348922,0.06744972
13,0.07032479,0.072398975,0.06607095
14,0.07141703,0.07387337,0.06771633
15,0.07128734,0.07367846,0.06791741
16,0.07022591,0.073071286,0.067637354
17,0.07126159,0.07333207,0.06705679
18,0.0707128,0.07238669,0.06669364
19,0.06951375,0.07120775,0.065450266
20,0.069710076,0.07109961,0.06532274
21,0.06756945,0.06918162,0.063169494
22,0.06785484,0.069694966,0.064022034
23,0.06816958,0.069999166,0.06436953
24,0.0684149,0.06999886,0.06383219
25,0.06876929,0.07053904,0.0640481
26,0.06705444,0.06902015,0.0626552
27,0.06504321,0.06648332,0.06083513
28,0.06401332,0.06559171,0.05994194
29,0.060885347,0.06293966,0.05716233
30,0.05953474,0.061447933,0.05566427
31,0.05915148,0.061290678,0.055609915
32,0.060164332,0.06232425,0.05600988
33,0.057906084,0.06010784,0.054088913
34,0.055718813,0.058162954,0.052206878
35,0.057911668,0.05946619,0.053469583
36,0.056339595,0.05829777,0.05265268
37,0.05549662,0.057433013,0.052499346
38,0.05614749,0.05799408,0.05258343
39,0.05473216,0.05669109,0.05162666
40,0.0537917,0.05569743,0.05044506
41,0.05275828,0.054809693,0.049108148
42,0.051533137,0.0532272,0.047920085
43,0.049644202,0.051794656,0.04662402
44,0.047689047,0.049905412,0.045048747
45,0.048069473,0.050211765,0.044880275
46,0.045856062,0.04838437,0.043494508
47,0.047179528,0.049625587,0.044461448
48,0.045696672,0.047535364,0.042537436
49,0.04303004,0.045270715,0.040838875
50,0.04212277,0.044061624,0.039806396
51,0.039697383,0.04218188,0.03812305
52,0.040617168,0.043216646,0.038390428
53,0.0398219,0.04213337,0.037503757
54,0.03786471,0.04049859,0.036476165
55,0.038765855,0.04118497,0.036295697
56,0.03693584,0.039613195,0.035384886
57,0.036013223,0.03872689,0.034772012
58,0.034391113,0.03720612,0.033388987
59,0.032073468,0.03453984,0.031198325
60,0.033685952,0.036518514,0.032454275
61,0.038889583,0.041726828,0.037631
62,0.04773235,0.05044905,0.046183422
63,0.04870322,0.05151705,0.04740762
64,0.04320922,0.04594605,0.041551918
65,0.0350148,0.037468486,0.03395635
66,0.03303597,0.035851583,0.03218387
67,0.031073298,0.033715684,0.030091457
68,0.03442899,0.037421014,0.034066238
69,0.03459683,0.037074722,0.033391234
70,0.037011817,0.039197743,0.035601027
71,0.037258573,0.03929527,0.035504695
72,0.033830397,0.036250673,0.032573715
73,0.031083567,0.033648845,0.030357083
74,0.031886764,0.034249708,0.031141507
75,0.03281199,0.034955844,0.031714708
76,0.034912042,0.037343003,0.03402455
77,0.032961488,0.03553138,0.0318434
78,0.029816192,0.031751055,0.027876044
79,0.025709346,0.02689669,0.024088824
80,0.0236221,0.025321495,0.022374604
81,0.025267467,0.02721201,0.02411572
82,0.024645548,0.02676471,0.024356425
83,0.027844496,0.030128803,0.027280327
84,0.03300698,0.034943074,0.03183163
85,0.035576187,0.037686095,0.034427166
86,0.03781592,0.039986942,0.036723644
87,0.03840778,0.040473454,0.036911458
88,0.03970765,0.04184193,0.03839163
89,0.042554684,0.04488552,0.04145836
90,0.04494015,0.047802527,0.043886974
91,0.049139053,0.052002307,0.048064835
92,0.054855853,0.05772368,0.05367221
93,0.05610984,0.058373764,0.053567138
94,0.05562449,0.058419928,0.0533984
95,0.06607238,0.06926571,0.0637036
96,0.07610303,0.07955797,0.07330644
97,0.08172798,0.08462308,0.07887325
98,0.08417854,0.08668293,0.0813759
99,0.085085616,0.08784585,0.08232559
100,0.079855084,0.08240962,0.07722114
101,0.07039094,0.072388895,0.06744499
102,0.06498839,0.06628491,0.06106361
103,0.08341539,0.085009485,0.08028597
104,0.09024623,0.092841014,0.087412775
105,0.08985768,0.09263076,0.087709144
106,0.08514793,0.08833668,0.08295071
107,0.078252524,0.08080664,0.07625246
108,0.076973915,0.07944566,0.07496069
109,0.07605551,0.07785715,0.072805464
110,0.07142266,0.07394676,0.070264
111,0.07079491,0.07328901,0.06952704
112,0.06862522,0.07113032,0.06691218
113,0.071886554,0.07347743,0.06776056
114,0.07185834,0.0737471,0.06829713
115,0.06745558,0.06944522,0.06368646
116,0.06602904,0.06754818,0.062319294
117,0.064809546,0.0663769,0.06118616
118,0.06521666,0.06762708,0.06276141
119,0.06603682,0.06823791,0.0638315
120,0.06721772,0.06880019,0.062866285
121,0.06740324,0.06843719,0.061796922
122,0.065568596,0.06739123,0.061475333
123,0.06494595,0.066789985,0.06112712
124,0.065672584,0.06697792,0.06083435
125,0.06533691,0.06700872,0.06058518
126,0.06774923,0.069213934,0.062971905
127,0.071882956,0.07297111,0.067210674
128,0.07288645,0.07373771,0.067991994
129,0.07422174,0.0757907,0.06958528
130,0.073952176,0.07586731,0.069266066
131,0.07289092,0.07424158,0.06836259
132,0.07644665,0.0777161,0.07212082
133,0.07938899,0.08071141,0.07573828
134,0.081089854,0.082742155,0.077687144
135,0.08339636,0.084565416,0.07892226
136,0.07027953,0.07139591,0.06594519
137,0.05501001,0.05690406,0.052322365
138,0.04685472,0.049546793,0.045088615
139,0.04408253,0.047151536,0.043374106
140,0.046353832,0.04944914,0.045417238
141,0.04842507,0.05077982,0.04655818
142,0.05346653,0.055678714,0.050835915
143,0.05624793,0.05770669,0.05258816
144,0.057654545,0.059697792,0.05433548
145,0.05926041,0.061514053,0.055849183
146,0.05788097,0.060374316,0.055325285
147,0.061218757,0.06345405,0.058251955
148,0.06280643,0.06493446,0.059407715
149,0.06517808,0.067052454,0.061531927
150,0.064320385,0.06576992,0.059510607
151,0.06401152,0.06604221,0.05987316
152,0.064766705,0.06632088,0.060182214
153,0.07345903,0.07530902,0.069337934
154,0.079468906,0.08194484,0.07572882
155,0.08392303,0.086256385,0.08028747
156,0.08301768,0.08478238,0.07873714
157,0.08369456,0.08496821,0.07940012
158,0.08040416,0.08205828,0.07603553
159,0.0765875,0.07787706,0.0727479
160,0.07496166,0.076460704,0.071520105
161,0.07316474,0.07474728,0.06943388
162,0.075488016,0.07729967,0.07211159
163,0.07660502,0.07775976,0.07223241
164,0.0772932,0.078927025,0.07386427
165,0.07749,0.07938126,0.07378937
166,0.080666065,0.08241673,0.07719973
167,0.08328548,0.084466204,0.078884244
168,0.083694875,0.08541553,0.07979892
169,0.08604221,0.08767676,0.08177236
170,0.08714536,0.088228896,0.08278936
171,0.0919801,0.09331471,0.08672722
172,0.09431699,0.095169604,0.088291496
173,0.09679648,0.098142266,0.09170492
174,0.10030429,0.10160452,0.095267326
175,0.09941037,0.100534484,0.09421149
176,0.093062,0.09431876,0.08885522
177,0.08590208,0.08739191,0.082219765
178,0.08383693,0.08555575,0.08000116
179,0.08614865,0.08812773,0.08287288
180,0.08765389,0.08953047,0.08415389
181,0.09248412,0.09390494,0.088179424
182,0.09205271,0.093334064,0.0871914
183,0.08875765,0.09051715,0.08537349
184,0.08897753,0.090654254,0.08499874
185,0.09031811,0.09192358,0.08612631
186,0.09267503,0.094337344,0.08873454
187,0.09424794,0.09590115,0.09040736
188,0.09952332,0.10098459,0.0952965
189,0.09887284,0.09969813,0.093204886
190,0.09097414,0.0922741,0.08616158
191,0.0848683,0.086106226,0.079784945
192,0.079409435,0.08092256,0.07492471
193,0.08658534,0.08830276,0.082484186
194,0.096645564,0.09745,0.091663465
195,0.09596866,0.0973143,0.09195019
196,0.09984213,0.10062535,0.09401889
197,0.1550169,0.15660067,0.14835049
198,0.15484165,0.15680183,0.14836188
199,0.14168204,0.14312814,0.13678409
200,0.13708849,0.13800432,0.13133134
201,0.12918168,0.13005131,0.12547475
202,0.12575726,0.12617254,0.120999396
203,0.124495134,0.12516774,0.120356545
204,0.12301512,0.123026416,0.11759457
205,0.12183787,0.12153591,0.11623819
206,0.12221913,0.123150915,0.11801824
207,0.12631133,0.12698452,0.12206121
208,0.12058818,0.12290324,0.11932877
209,0.11856431,0.12149526,0.11731078
210,0.12213151,0.12565053,0.12149793
211,0.12327899,0.12447855,0.12020086
212,0.12415247,0.12647997,0.1231107
213,0.12578548,0.12686902,0.122702494
214,0.12590514,0.12500745,0.11983234
215,0.12597957,0.12511933,0.118402645
216,0.12426445,0.124326855,0.11931071
217,0.12886904,0.12848206,0.123632535
218,0.1314366,0.13098538,0.12506881
219,0.13394463,0.13320243,0.12780234
220,0.1352212,0.13472728,0.12926683
221,0.13760616,0.13767254,0.1321899
222,0.14045303,0.14011963,0.13455312
223,0.14414856,0.14421941,0.1383349
224,0.14274217,0.14210725,0.13666384
225,0.14517145,0.14473386,0.13895403
226,0.14619246,0.14588416,0.14061467
227,0.1451225,0.14462727,0.13951185
228,0.14820974,0.14776984,0.14153229
229,0.1462681,0.14608598,0.14070828
230,0.14790882,0.14798366,0.1425844
231,0.14851326,0.14849897,0.14319125
232,0.1351392,0.1357707,0.13187313
233,0.108564496,0.11023347,0.108847916
234,0.093718305,0.09660599,0.095803425
235,0.08967656,0.09370142,0.09315878
236,0.09531921,0.098002866,0.09647173
237,0.098377764,0.10092546,0.098381445
238,0.100469634,0.10163465,0.098425016
239,0.101652,0.10161011,0.09787659
240,0.10013518,0.10083127,0.09689568
241,0.09965815,0.10033247,0.09605065
242,0.09809598,0.09852837,0.09384528
243,0.09840153,0.09903644,0.09439178
244,0.09761672,0.09779234,0.092510656
245,0.09692684,0.09772149,0.09181571
246,0.09272462,0.092833206,0.08671668
247,0.0852112,0.08620192,0.0802865
248,0.07931669,0.080445945,0.074092224
249,0.07654554,0.07831374,0.07261571
250,0.0728675,0.07520175,0.07056895
251,0.07103076,0.073584296,0.06891546
252,0.07312776,0.074997604,0.0700164
253,0.07265781,0.074124046,0.068566225
254,0.06954033,0.07116039,0.06557309
255,0.066508286,0.0679821,0.06270376
256,0.064849496,0.066521995,0.060937215
257,0.058373094,0.061214626,0.055822127
258,0.054587815,0.0570172,0.05176975
259,0.053741485,0.05601048,0.05029307
260,0.051309496,0.054116502,0.04938883
261,0.04963239,0.052315034,0.047291856
262,0.05194034,0.053861625,0.049413748
263,0.05745568,0.0594737,0.054350782
264,0.052961484,0.055404246,0.050510872
265,0.04865596,0.051498577,0.047138195
266,0.048102893,0.050451256,0.045681417
267,0.050271664,0.052112978,0.047077537
268,0.049781192,0.051831234,0.04687544
269,0.05190059,0.054030117,0.04926509
270,0.05345329,0.055315513,0.05072736
271,0.05341015,0.055458188,0.050137497
272,0.05443465,0.05609666,0.050869178
273,0.054204922,0.056172315,0.051033176
274,0.057271175,0.059716098,0.054350533
275,0.058700748,0.06060829,0.055541486
276,0.059461962,0.06111694,0.056025032
277,0.059536107,0.061185498,0.05525937
278,0.057588972,0.059455574,0.054060005
279,0.055863332,0.057422914,0.052568138
280,0.05715691,0.058603805,0.05294884
281,0.061471693,0.06335671,0.05747177
282,0.066114575,0.068030626,0.062336933
283,0.09898865,0.10071467,0.09327772
284,0.124092385,0.12729888,0.11988643
285,0.12534975,0.1287745,0.12215106
286,0.12475774,0.12764867,0.12089823
287,0.124503285,0.12687291,0.120423675
288,0.12032165,0.121819615,0.1153229
289,0.1114804,0.1131195,0.1082665
290,0.09833227,0.09973182,0.09642631
291,0.09150979,0.09257133,0.08848941
292,0.08608234,0.08797841,0.08587752
293,0.0834288,0.08629717,0.08410786
294,0.0831693,0.08594428,0.0829747
295,0.08933203,0.09193161,0.08901057
296,0.094553724,0.09771514,0.09437789
297,0.098734185,0.103146374,0.09977357
298,0.100240156,0.10425393,0.10085864
299,0.10470082,0.10855085,0.10451935
300,0.10668509,0.10846461,0.10329294
301,0.11167446,0.11200628,0.10551554
302,0.11531818,0.11490378,0.107734814
303,0.11477949,0.114621356,0.10862243
304,0.11218563,0.11178015,0.105893135
305,0.113724485,0.11355756,0.10789095
306,0.11699042,0.11701971,0.1114945
307,0.1229628,0.12350482,0.11894067
308,0.12962274,0.12983936,0.12500988
309,0.13455747,0.13532384,0.13015057
310,0.13743967,0.13896191,0.13359015
311,0.14279473,0.1444671,0.13834591
312,0.14786918,0.1495133,0.142556
313,0.14917208,0.1509596,0.14460883
314,0.1516807,0.15313457,0.14697617
315,0.1537673,0.15559101,0.14905441
316,0.15468578,0.15603942,0.14963566
317,0.16218194,0.16338433,0.15686607
318,0.16241512,0.16362455,0.15716071
319,0.16490582,0.16618039,0.1596201
320,0.16290873,0.16430303,0.15855606
321,0.1587476,0.16014792,0.15405618
322,0.1597211,0.16130565,0.15545517
323,0.15621172,0.15807708,0.15290193
324,0.15483259,0.15665275,0.15178892
325,0.1539581,0.1552727,0.15027983
326,0.14925106,0.15145898,0.1468537
327,0.14682189,0.14836486,0.14300756
328,0.1103836,0.113820866,0.11382066
329,0.07473056,0.07875955,0.08030525
330,0.061164346,0.06521723,0.06592305
331,0.06089747,0.06520037,0.06512067
332,0.0650059,0.06880489,0.06707753
333,0.07036711,0.07304335,0.07018831
334,0.07197684,0.073751524,0.06923875
335,0.0703021,0.07125524,0.066701025
336,0.06994805,0.070887804,0.06480099
337,0.06519802,0.067181736,0.061117522
338,0.058362737,0.06185123,0.05652566
339,0.05485946,0.05866649,0.05410922
340,0.05520204,0.058126863,0.05287553
341,0.053585157,0.056598805,0.051662616
342,0.054486997,0.057170514,0.051369198
343,0.05430043,0.057348963,0.052395467
344,0.052853335,0.056178182,0.050841004
345,0.05272108,0.05732532,0.052684534
346,0.053211708,0.05836702,0.054656632
347,0.054794017,0.0588958,0.05485055
348,0.05930842,0.062260903,0.056964982
349,0.061471317,0.063423485,0.0572993
350,0.061071735,0.06306759,0.057471115
351,0.06251675,0.06449652,0.058306064
352,0.062317077,0.06413658,0.058572896
353,0.06287646,0.06481602,0.05899705
354,0.064437896,0.06624989,0.060113356
355,0.06251651,0.06450244,0.0585612
356,0.06456244,0.06615487,0.06041736
357,0.06472194,0.066113286,0.05990969
358,0.063143566,0.06509557,0.05922742
359,0.06362027,0.06527339,0.059557617
360,0.061720904,0.06322104,0.058005575
361,0.0622731,0.06380251,0.058213595
362,0.06367843,0.06547019,0.059291806
363,0.06610211,0.06804719,0.062482584
364,0.069649786,0.07104932,0.06496227
365,0.07224415,0.073730335,0.06737236
366,0.07583426,0.07725686,0.07120849
367,0.076920405,0.07830149,0.07238643
368,0.075630665,0.07707834,0.07083851
369,0.07277414,0.07411111,0.06819355
370,0.07605502,0.07706587,0.070608646
371,0.080560684,0.08158319,0.07548821
372,0.084376305,0.085628256,0.07948591
373,0.08452289,0.08553621,0.080044076
374,0.08915135,0.090183094,0.08426672
375,0.09088278,0.09217344,0.0859403
376,0.09277201,0.09439659,0.088225454
377,0.09358989,0.0950004,0.089499086
378,0.09402564,0.09523341,0.08976194
379,0.10309805,0.10479322,0.098768085
380,0.12794381,0.12976982,0.12294631
381,0.13635015,0.13862625,0.13174336
382,0.13897544,0.14113942,0.13425466
383,0.13647774,0.13823111,0.13231315
384,0.13629067,0.13871609,0.1332684
385,0.13459809,0.13700941,0.13171448
386,0.13076064,0.13299438,0.12817189
387,0.12960924,0.1315217,0.12683563
388,0.12918146,0.130615,0.12576276
389,0.12634408,0.12842958,0.124132514
390,0.12480152,0.12577304,0.12131247
391,0.119326204,0.121458724,0.1180715
392,0.11794874,0.12066111,0.116894335
393,0.11717506,0.12052965,0.116779104
394,0.116549835,0.119779676,0.116099775
395,0.118344545,0.12114309,0.11751932
396,0.11736895,0.11954607,0.11565834
397,0.1193611,0.120671004,0.11618832
398,0.118094444,0.11864978,0.11357379
399,0.115153715,0.115809634,0.11128163
400,0.114246815,0.115152255,0.11034611
401,0.11772989,0.11822976,0.11317539
402,0.118193716,0.11856663,0.11293161
403,0.11443746,0.114306554,0.10934797
404,0.11140801,0.11161557,0.10696192
405,0.112274855,0.11258088,0.10815963
406,0.11363198,0.1136868,0.10867584
407,0.11316003,0.11268669,0.10802071
408,0.111821175,0.112270966,0.10821369
409,0.11346677,0.11380361,0.10883807
410,0.11555156,0.11581373,0.11085959
411,0.11729208,0.11810753,0.11347665
412,0.11793646,0.1183396,0.11290954
413,0.117091194,0.11767581,0.1125821
414,0.12077837,0.12142399,0.11623345
415,0.1216453,0.12214035,0.117125645
416,0.121696934,0.12108067,0.116164654
417,0.12136614,0.12146515,0.11686526
418,0.12356697,0.12345344,0.11849946
419,0.12545407,0.12551144,0.12022866
420,0.12608469,0.12606592,0.12039921
421,0.12905996,0.12908539,0.12402882
422,0.13519293,0.13538341,0.12911567
423,0.13844118,0.13929161,0.13300541
424,0.12493217,0.12548706,0.12184647
425,0.10499939,0.10626067,0.10377963
426,0.09448208,0.09690632,0.09383348
427,0.09619689,0.098034844,0.09516309
428,0.09833197,0.09995267,0.09703261
429,0.0934449,0.095593035,0.092245385
430,0.088933155,0.09104277,0.0880823
431,0.094357535,0.09571116,0.091889575
432,0.09684946,0.09777656,0.09346971
433,0.10132773,0.10244143,0.09731896
434,0.0986743,0.099274665,0.09512693
435,0.0917228,0.09259659,0.08889425
436,0.083367616,0.08497161,0.080339506
437,0.07788944,0.07957257,0.07420784
438,0.07593407,0.07754214,0.0718167
439,0.07089013,0.07334812,0.0679841
440,0.069980234,0.07166936,0.065865844
441,0.071018666,0.07247375,0.066683576
442,0.06676209,0.06908055,0.06405774
443,0.064381406,0.06673679,0.06145407
444,0.06435885,0.066377625,0.060550686
445,0.06493841,0.06724563,0.061799385
446,0.06481256,0.06732706,0.061575018
447,0.0661903,0.068761714,0.06281854
448,0.06646373,0.068261296,0.06217366
449,0.06559011,0.067454666,0.061609354
450,0.06610581,0.067729495,0.061552044
451,0.06589955,0.06757924,0.061409365
452,0.065815255,0.068417124,0.06277851
453,0.0672818,0.06964173,0.06375043
454,0.066779114,0.06922755,0.06350663
455,0.06634192,0.06815036,0.062309533
456,0.06603381,0.06777169,0.062169433
457,0.066945806,0.068862885,0.06305863
458,0.06652297,0.06821098,0.06240656
459,0.06649609,0.06839371,0.0627165
460,0.06717694,0.06884529,0.06299633
461,0.06983554,0.07194231,0.06578469
462,0.071014166,0.07317756,0.06708121
463,0.0716452,0.07303595,0.06667432
464,0.06620382,0.06822376,0.06259194
465,0.06066014,0.062796414,0.05741604
466,0.06051838,0.06264457,0.05699382
467,0.071869016,0.07349403,0.06745137
468,0.097539365,0.09901664,0.09261888
469,0.11820148,0.12022476,0.11321613
470,0.15077306,0.156228,0.1491804
471,0.16054216,0.16493405,0.15845396
472,0.15986146,0.16383569,0.15768339
473,0.16366641,0.16614899,0.16038005
474,0.17389122,0.17729555,0.1727235
475,0.18834025,0.19056387,0.18527028
476,0.19234574,0.1947935,0.19037785
477,0.19798486,0.20057057,0.19705383
478,0.19957185,0.20033115,0.1969205
479,0.19653144,0.19680326,0.1951162
480,0.20283218,0.20354992,0.20140211
481,0.20085818,0.2021095,0.20064308
482,0.19890435,0.20228463,0.20153053
483,0.20250401,0.20708005,0.20611107
484,0.21888396,0.22216968,0.21766736
485,0.22480252,0.22792402,0.22209819
486,0.2298112,0.23143324,0.22401816
487,0.22810522,0.2291579,0.22048572
488,0.22470252,0.22371373,0.21468595
489,0.23011975,0.22769397,0.21940088
490,0.2435534,0.24079129,0.23267387
491,0.24174586,0.23817298,0.23002104
492,0.24178423,0.23718426,0.22956586
493,0.23555109,0.23046124,0.22495283
494,0.23029849,0.22456513,0.21913664
495,0.22294816,0.218882,0.21337025
496,0.22539055,0.2216583,0.21588616
497,0.2279887,0.22217603,0.21501699
498,0.22295728,0.21815099,0.21093623
499,0.22277893,0.21913607,0.21199575
500,0.22383934,0.21936171,0.2132564
501,0.22717935,0.22248912,0.2158763
502,0.22491139,0.2204633,0.2142479
503,0.2313804,0.22778758,0.22078794
504,0.23340015,0.22816731,0.22166209
505,0.23800157,0.23211394,0.22617926
506,0.24779513,0.24120496,0.23337868
507,0.247399,0.24090286,0.2334484
508,0.25513643,0.24699694,0.23990922
509,0.25631344,0.24975272,0.24148892
510,0.25742316,0.25064135,0.24256359
511,0.26191947,0.2550194,0.24715492
512,0.26337394,0.25609156,0.2501649
513,0.26655453,0.25920713,0.25183424
514,0.26423025,0.25663638,0.24935661
515,0.28274444,0.27392986,0.266933
516,0.308096,0.29821634,0.29035836
517,0.32782048,0.31712618,0.31188285
518,0.3489959,0.33941898,0.332211
519,0.36607045,0.35824,0.35045144
520,0.32089815,0.31716242,0.30865133
521,0.24870843,0.24484457,0.23939227
522,0.19396651,0.1921538,0.18809018
523,0.16799402,0.1680607,0.16660286
524,0.15534647,0.15639143,0.15539728
525,0.15687917,0.15725443,0.15368678
526,0.16647962,0.16519797,0.15792637
527,0.17733397,0.17401013,0.16548257
528,0.17007858,0.16802469,0.15942818
529,0.16258083,0.15968929,0.15162903
530,0.1643774,0.16254373,0.15460606
531,0.17088787,0.16829781,0.16162352
532,0.17722465,0.1734935,0.16688101
533,0.18402307,0.18037912,0.17299461
534,0.18744478,0.18385056,0.17701495
535,0.1965932,0.1915174,0.18484437
536,0.20057918,0.1955332,0.18916589
537,0.20371965,0.20049681,0.19474792
538,0.2053267,0.20293728,0.19857027
539,0.20606579,0.20412186,0.20106266
540,0.2576191,0.2553418,0.24669509
541,0.3482488,0.34788722,0.3372346
542,0.3625355,0.36286795,0.35483932
543,0.33762667,0.33695695,0.3303239
544,0.32472262,0.32301933,0.31887102
545,0.29513377,0.2926266,0.28876618
546,0.24434017,0.24261062,0.23953713
547,0.20852095,0.20970134,0.20806456
548,0.2054938,0.20532681,0.2012598
549,0.24292503,0.24067026,0.23378548
550,0.26955527,0.26481766,0.25298283
551,0.26973715,0.26380897,0.25255913
552,0.26084507,0.25422242,0.24616559
553,0.27574304,0.27131698,0.2632968
554,0.26674643,0.26847208,0.26121885
555,0.2357854,0.23796971,0.23191059
556,0.21510376,0.21592693,0.20782423
557,0.20581676,0.2025111,0.19190069
558,0.21534583,0.20740806,0.1964332
559,0.23638913,0.22723903,0.21401106
560,0.18536437,0.17785574,0.17188662
561,0.14295238,0.13573515,0.13052791
562,0.13113144,0.12679897,0.1218639
563,0.13261686,0.13077898,0.12787019
564,0.13772152,0.13671008,0.13407767
565,0.13933752,0.13748625,0.13425693
566,0.14779729,0.14374556,0.13793597
567,0.15898624,0.15445675,0.1454111
568,0.1561886,0.15314806,0.1460405
569,0.15837078,0.1538721,0.1472407
570,0.15888785,0.15510389,0.14886436
571,0.14668064,0.14497456,0.14128241
572,0.14987887,0.14938322,0.1453643
573,0.1554236,0.15478718,0.15029128
574,0.15098885,0.14911482,0.14523834
575,0.1553012,0.15182002,0.14692327
576,0.15673487,0.15263845,0.14601685
577,0.15418895,0.15424652,0.14935939
578,0.15116385,0.15143996,0.14808382
579,0.15412027,0.15397915,0.1500703
580,0.1608622,0.15920141,0.1535359
581,0.16801047,0.16679013,0.16081335
582,0.17117204,0.16922595,0.16246341
583,0.16813159,0.16609904,0.15997328
584,0.16550899,0.16314207,0.15775292
585,0.16883203,0.16703382,0.1607391
586,0.17002575,0.16793412,0.16152714
587,0.17227486,0.16918845,0.16373017
588,0.18121739,0.17858754,0.17206879
589,0.18678968,0.18451011,0.17773572
590,0.18932766,0.18705587,0.18012713
591,0.18909109,0.18689898,0.18022767
592,0.19097215,0.18865061,0.18202896
593,0.19279963,0.19095436,0.18422784
594,0.19128801,0.1890716,0.1830382
595,0.19435869,0.1924958,0.18574692
596,0.19491039,0.1930689,0.18640074
597,0.19525374,0.19290939,0.18579857
598,0.1995201,0.19776708,0.19066797
599,0.20466185,0.20214929,0.19520225
600,0.20510271,0.20282078,0.19605272
601,0.2107841,0.20867062,0.20174623
602,0.21184342,0.20984134,0.20323288
603,0.21718305,0.21488342,0.20786126
604,0.21827418,0.21610682,0.20880395
605,0.22712483,0.22456057,0.21704626
606,0.23514496,0.23136823,0.2242161
607,0.23916616,0.23534454,0.2290207
608,0.24674112,0.24296835,0.2357921
609,0.2516314,0.2465721,0.23934485
610,0.25867817,0.25474444,0.24700703
611,0.2682426,0.2638446,0.25658023
612,0.28112525,0.27677822,0.2700529
613,0.29475033,0.29029846,0.28283942
614,0.30154124,0.29554936,0.2889544
615,0.30894807,0.30255756,0.29677433
616,0.30987838,0.30391645,0.29763734
617,0.3076887,0.3017472,0.29670203
618,0.3099538,0.30422455,0.2984235
619,0.30712035,0.3018955,0.296541
620,0.3222193,0.31815383,0.30893567
621,0.3058742,0.3043977,0.2938774
622,0.28382605,0.28105992,0.27203566
623,0.2778179,0.27294266,0.26369935
624,0.25069305,0.2463507,0.23884761
625,0.23072696,0.22713742,0.21972401
626,0.23391475,0.23086259,0.2210351
627,0.2396193,0.2359427,0.2268983
628,0.23202227,0.22766252,0.21808079
629,0.22662236,0.2216371,0.21171612
630,0.2199861,0.21495137,0.20390911
631,0.21367772,0.20952122,0.1998596
632,0.19180404,0.18664093,0.17882918
633,0.17527756,0.17081803,0.16383754
634,0.1604238,0.1560883,0.14925039
635,0.14553413,0.1430202,0.13748102
636,0.14046259,0.13743272,0.13174273
637,0.13782081,0.13351904,0.12690252
638,0.13600649,0.13190715,0.12523788
639,0.13255435,0.12882598,0.12092377
640,0.12844199,0.12535174,0.11919455
641,0.12705892,0.12468234,0.118263945
642,0.126213,0.124070585,0.1185728
643,0.12991326,0.12835363,0.12279636
644,0.13502586,0.1327924,0.12707527
645,0.12905474,0.1275518,0.122924045
646,0.12521242,0.12460594,0.11873974
647,0.12165891,0.12054242,0.1142641
648,0.12009223,0.11960088,0.11348748
649,0.12029518,0.11997843,0.113964096
650,0.11464712,0.11598815,0.11121832
651,0.11059889,0.11125851,0.10608134
652,0.10721186,0.10749066,0.10295901
653,0.111041754,0.11100441,0.106046736
654,0.11663261,0.11629696,0.11127417
655,0.11955978,0.11936781,0.11442681
656,0.123027876,0.12283945,0.118019536
657,0.12564392,0.12479767,0.1195222
658,0.1296186,0.12862337,0.12294561
659,0.13074507,0.12955931,0.12430318
660,0.13426495,0.13261594,0.1271694
661,0.13594392,0.13391367,0.12742029
662,0.13624197,0.13525207,0.12959406
663,0.14516488,0.14460258,0.13729776
664,0.15051201,0.1496341,0.14225528
665,0.1550968,0.15485851,0.14798471
666,0.15594353,0.15503986,0.14898786
667,0.18292451,0.1827544,0.17518811
668,0.1908211,0.19115789,0.18300931
669,0.18018565,0.17979757,0.17413957
670,0.1803733,0.17958713,0.17334473
671,0.1753285,0.1749134,0.1687218
672,0.16990243,0.16917007,0.1639724
673,0.16699405,0.1666012,0.16091995
674,0.16596541,0.16531871,0.16033278
675,0.16935094,0.16934836,0.16379884
676,0.16834688,0.1692048,0.16341646
677,0.16473776,0.16513878,0.16036342
678,0.16441235,0.16394053,0.15890087
679,0.1620783,0.16125815,0.15727185
680,0.1629212,0.16293305,0.15813152
681,0.16665776,0.16593085,0.16118473
682,0.16634484,0.16584522,0.16102591
683,0.16414683,0.16304098,0.15846609
684,0.16148078,0.16003238,0.15407181
685,0.15998031,0.1581735,0.15323928
686,0.16004352,0.15757382,0.1524946
687,0.15848228,0.15634198,0.15096086
688,0.15942216,0.1577273,0.15221237
689,0.16550927,0.16319966,0.15734972
690,0.16064763,0.15824208,0.15326434
691,0.15904142,0.15683158,0.15167928
692,0.16201402,0.15876709,0.15369312
693,0.15879734,0.1564512,0.15183231
694,0.15763423,0.15508524,0.14990003
695,0.15473592,0.15237847,0.14703445
696,0.15299265,0.15133004,0.14637627
697,0.15381707,0.15237918,0.146738
698,0.15152422,0.14926262,0.14468592
699,0.1570815,0.15424973,0.14889525
700,0.15540014,0.154022,0.14892054
701,0.15532602,0.15381858,0.14887863
702,0.15558589,0.15234111,0.14708216
703,0.15474017,0.1523183,0.14715075
704,0.15529692,0.15260333,0.14731577
705,0.15618181,0.152783,0.14715736
706,0.17194998,0.16686413,0.16138463
707,0.18044423,0.1742348,0.16846395
708,0.1729581,0.16959336,0.16407038
709,0.17562872,0.17216618,0.1657435
710,0.17576462,0.1723722,0.16615993
711,0.17313571,0.17021441,0.16369063
712,0.1719774,0.16930129,0.16351986
713,0.17192483,0.1698947,0.16441195
714,0.17293638,0.17068176,0.16503358
715,0.19575404,0.19239798,0.18396287
716,0.19677767,0.19430198,0.18601349
717,0.1929802,0.19109659,0.18367946
718,0.18723229,0.18566294,0.17808452
719,0.182801,0.18171902,0.17539579
720,0.18148017,0.17973107,0.17357764
721,0.17940795,0.17848045,0.17322923
722,0.18974319,0.18804388,0.18376647
723,0.1930783,0.18930568,0.18387759
724,0.19383274,0.19011036,0.18360133
725,0.19518632,0.1906145,0.18421155
726,0.18144365,0.17986745,0.17422017
727,0.15684214,0.1565457,0.15190822
728,0.14016172,0.14132299,0.1376138
729,0.13704015,0.13810621,0.13418454
730,0.13440835,0.13657062,0.132756
731,0.1300226,0.13130872,0.12827075
732,0.1274192,0.12704545,0.12209466
733,0.12372817,0.123706505,0.11762853
734,0.119467154,0.119784504,0.115668505
735,0.120636865,0.120159596,0.115533635
736,0.12035963,0.119851515,0.11546388
737,0.116783336,0.11672941,0.11169796
738,0.11691266,0.1164438,0.11101708
739,0.11982386,0.11862983,0.11294791
740,0.11941558,0.11763747,0.11175926
741,0.120102465,0.11812733,0.11259028
742,0.11861621,0.116503954,0.11108035
743,0.11715989,0.11698991,0.11164597
744,0.11811642,0.118799925,0.113797665
745,0.11711326,0.1179934,0.11282697
746,0.11840832,0.11876887,0.113867715
747,0.11676629,0.11683725,0.11140439
748,0.118652344,0.118377686,0.11301555
749,0.117101654,0.11742735,0.11290084
750,0.11585854,0.11629982,0.111261144
751,0.11596134,0.11610226,0.11127281
752,0.11606309,0.11675973,0.111827865
753,0.115557134,0.11546439,0.11027202
754,0.11424582,0.114701405,0.11001055
755,0.11395095,0.1146415,0.110076845
756,0.11367847,0.11449109,0.109840214
757,0.111632034,0.112585425,0.10798237
758,0.11213426,0.1118737,0.10695803
759,0.10902883,0.10965672,0.10504404
760,0.10508616,0.106314704,0.10137685
761,0.104654625,0.105246216,0.10018057
762,0.11437194,0.11521083,0.10901639
763,0.12279099,0.12342416,0.115810946
764,0.12762965,0.12886514,0.12105335
765,0.13147233,0.13145779,0.124804854
766,0.12328516,0.12334919,0.11836164
767,0.11418027,0.11472857,0.10975842
768,0.113453045,0.11345865,0.10873005
769,0.1694411,0.17032215,0.15986605
770,0.21996485,0.22179279,0.21011744
771,0.22764869,0.22972465,0.22119348
772,0.2231937,0.2257373,0.21772833
773,0.2099207,0.2094091,0.20267804
774,0.19348423,0.19092591,0.18721609
775,0.17844887,0.17700182,0.17353533
776,0.17530468,0.17498828,0.17308149
777,0.17348914,0.17342801,0.1703689
778,0.17412087,0.17509222,0.17207548
779,0.18087652,0.18079022,0.17591515
780,0.17806397,0.17673576,0.17127708
781,0.17008021,0.16867667,0.16475558
782,0.16835706,0.16883335,0.16527148
783,0.16514306,0.16719264,0.16382098
784,0.16531473,0.16920277,0.16504315
785,0.177724,0.18105878,0.1763836
786,0.18378113,0.18246266,0.1748891
787,0.179782,0.17636916,0.16779143
788,0.1802361,0.17564839,0.1671108
789,0.18049125,0.17651217,0.16887721
790,0.17811498,0.17368276,0.16682826
791,0.17745331,0.17459647,0.16862096
792,0.18343931,0.18055496,0.17439556
793,0.18496452,0.1817511,0.17532763
794,0.19014366,0.18653503,0.18005984
795,0.19038367,0.18773973,0.18156032
796,0.18919569,0.18520385,0.17923427
797,0.18855165,0.18538482,0.17905313
798,0.18512313,0.18211634,0.17641371
799,0.18147424,0.17849907,0.17349382
800,0.17590116,0.17354359,0.16887128
801,0.17726883,0.17637123,0.17093004
802,0.18124732,0.17835958,0.17220142
803,0.18010238,0.17806454,0.17242958
804,0.18743378,0.18405852,0.1777614
805,0.19777657,0.19457151,0.18751378
806,0.21892688,0.21471336,0.20714784
807,0.23689224,0.23377486,0.22537424
808,0.21373835,0.2106792,0.20408285
809,0.1706194,0.16825344,0.16382131
810,0.14940797,0.14834276,0.14481509
811,0.15214784,0.15104629,0.14639346
812,0.16745874,0.16495946,0.15861693
813,0.18547253,0.18257932,0.17456566
814,0.27259132,0.2688963,0.25607815
815,0.3352287,0.33634338,0.32480973
816,0.35633364,0.35839388,0.34892875
817,0.34569308,0.347046,0.33910376
818,0.34221482,0.34177303,0.33495146
819,0.41704795,0.418984,0.41078633
820,0.40218988,0.39970136,0.39522648
821,0.37345493,0.371229,0.37177658
822,0.32721794,0.322555,0.31747243
823,0.3101158,0.3042471,0.29698575
824,0.33817583,0.32915303,0.31555092
825,0.39252216,0.3873726,0.37766388
826,0.4102976,0.40387735,0.39774236
827,0.4036666,0.4018511,0.39800668
828,0.43452445,0.432839,0.42293078
829,0.49424163,0.49485323,0.47999948
830,0.5191185,0.51321346,0.4958254
831,0.5468342,0.5463976,0.5279845
832,0.5817501,0.5820079,0.56453395
833,0.53323054,0.5272686,0.5101155
834,0.4883365,0.47932535,0.46248302
835,0.49406037,0.47495285,0.46054664
836,0.4840071,0.46592453,0.45510477
837,0.45567653,0.4366757,0.42692977
838,0.41216773,0.4020412,0.39618504
839,0.40031844,0.3860167,0.3727711
840,0.36358485,0.35201204,0.33764368
841,0.33000943,0.31495938,0.29784188
842,0.3253106,0.31046957,0.28988814
843,0.32022807,0.30677903,0.28639236
844,0.3260675,0.31300583,0.29662183
845,0.35036793,0.33628938,0.31891605
846,0.3732437,0.35777006,0.34010842
847,0.37356487,0.36314103,0.34998783
848,0.29354396,0.28136146,0.27589938
849,0.255392,0.24119253,0.22889143
850,0.3312249,0.32190326,0.30885354
851,0.44019383,0.43077198,0.4199991
852,0.48736206,0.47810647,0.4683302
853,0.48461387,0.48475474,0.46725664
854,0.43606356,0.44415003,0.43352836
855,0.41602552,0.40593418,0.39047164
856,0.41656318,0.40359116,0.40049073
857,0.43474433,0.42456436,0.41961682
858,0.46210977,0.45346895,0.44716397
859,0.47448894,0.46592858,0.4615019
860,0.51754206,0.5063538,0.49052328
861,0.5425143,0.52468216,0.49886566
862,0.52388495,0.50310194,0.47338328
863,0.48746517,0.4687539,0.4454444
864,0.45675525,0.43571067,0.41709262
865,0.43251288,0.41856602,0.40006736
866,0.41166514,0.40008953,0.3802119
867,0.38526252,0.3665898,0.344796
868,0.3503533,0.32827348,0.3038766
869,0.28471908,0.26471817,0.24637365
870,0.25641584,0.24041083,0.22579677
871,0.25737134,0.24331217,0.22976299
872,0.2491345,0.23740381,0.22817393
873,0.24162908,0.23174465,0.22254017
874,0.23831128,0.22849724,0.21894906
875,0.24104059,0.23188409,0.22215465
876,0.2452309,0.23584406,0.22561951
877,0.23957986,0.2317296,0.22222584
878,0.24224895,0.23231047,0.22282799
879,0.24307281,0.23404004,0.2249323
880,0.25570905,0.248974,0.24066867
881,0.25082976,0.24468207,0.23617476
882,0.24310276,0.2362136,0.22810331
883,0.24479502,0.23711428,0.22862345
884,0.24075429,0.2359127,0.22946167
885,0.24031484,0.2350031,0.22934058
886,0.23361285,0.22795427,0.2231352
887,0.23066233,0.22304422,0.21674375
888,0.2327043,0.2247255,0.21770956
889,0.23400559,0.22676691,0.22000839
890,0.23089534,0.22463925,0.21945997
891,0.22738309,0.22115922,0.2156068
892,0.22842124,0.22148573,0.21562576
893,0.22832711,0.22199728,0.21481399
894,0.23295937,0.22630888,0.21822652
895,0.22650364,0.22005261,0.21434999
896,0.22075614,0.21468997,0.2080796
897,0.2275386,0.22175072,0.2126945
898,0.24018194,0.23497921,0.2245845
899,0.2533065,0.24708597,0.23855722
900,0.29340824,0.28391147,0.2741774
901,0.31876117,0.30985084,0.30031106
902,0.2858596,0.27855453,0.27110338
903,0.24486221,0.23949048,0.23478054
904,0.14950792,0.14812899,0.1469771
905,0.0899889,0.08965194,0.09448449
906,0.073285334,0.0763962,0.079310745
907,0.089203164,0.089288294,0.09051211
908,0.17191124,0.16883607,0.15501858
909,0.31781757,0.31350774,0.29691538
910,0.3788885,0.38839975,0.37898067
911,0.33452454,0.34529868,0.3373621
912,0.3060622,0.31314442,0.30131218
913,0.30979958,0.31238145,0.30399257
914,0.22221348,0.22209781,0.22786632
915,0.1526472,0.15349713,0.1601844
916,0.16271548,0.16235307,0.16488752
917,0.18785064,0.18132694,0.17868814
918,0.2090479,0.19803229,0.18789154
919,0.22069989,0.20365463,0.19306882
920,0.21270731,0.20094272,0.19762187
921,0.22919828,0.22586472,0.22545837
922,0.24213102,0.24554731,0.24323282
923,0.2631423,0.2678415,0.26394537
924,0.27446938,0.27613965,0.26670325
925,0.28172657,0.28161064,0.26699388
926,0.29431102,0.2837061,0.2621962
927,0.2912533,0.27257922,0.25222114
928,0.26079112,0.24852522,0.2405812
929,0.26298803,0.24990737,0.24207139
930,0.27052796,0.26195836,0.2561139
931,0.2619013,0.25455818,0.2515651
932,0.24674489,0.24550132,0.24690898
933,0.25471616,0.24994692,0.2479276
934,0.25507864,0.2484232,0.24355845
935,0.24851681,0.24179696,0.23555002
936,0.2425809,0.23508713,0.22786966
937,0.23984182,0.23228323,0.22462882
938,0.24016772,0.23317413,0.22532126
939,0.23497301,0.2290086,0.22166343
940,0.22049113,0.21502447,0.20884675
941,0.20977189,0.20371024,0.19724827
942,0.20126243,0.19627017,0.19017853
943,0.20410654,0.19909792,0.19198446
944,0.19865881,0.19307381,0.18621828
945,0.18429303,0.17843235,0.17128526
946,0.18630074,0.18025713,0.17246191
947,0.19639267,0.18883304,0.18157893
948,0.19865602,0.19244303,0.1863326
949,0.20693672,0.20043595,0.19477674
950,0.20943213,0.20295171,0.19783312
951,0.2071249,0.20210266,0.1974146
952,0.19980459,0.19492625,0.18988968
953,0.19487958,0.19073464,0.18642601
954,0.19300252,0.1880699,0.18277748
955,0.17155582,0.16765681,0.16315009
956,0.16822673,0.16488002,0.16024752
957,0.15920985,0.15728822,0.15083721
958,0.13465285,0.13492401,0.13010357
959,0.12705162,0.12628646,0.122986585
960,0.13331947,0.13208184,0.12764548
961,0.16411212,0.16156319,0.15506268
962,0.1801445,0.17795332,0.17036939
963,0.18167,0.17956921,0.17341371
964,0.18263981,0.17893657,0.17150015
965,0.1738484,0.17097054,0.16435735
966,0.16511387,0.16253798,0.15665184
967,0.15462252,0.1519927,0.1475218
968,0.14600925,0.14364414,0.1401255
969,0.14456983,0.14212224,0.13841458
970,0.13981262,0.13687512,0.13275665
971,0.1401665,0.13746004,0.13166021
972,0.13390966,0.1318522,0.12730932
973,0.12845215,0.12692551,0.123220846
974,0.12487194,0.124690756,0.12185557
975,0.12207742,0.12275095,0.120295554
976,0.12038742,0.1219002,0.119591475
977,0.11901991,0.11986834,0.116929114
978,0.11818853,0.118029356,0.113303006
979,0.11834192,0.11686908,0.11110613
980,0.11422449,0.11287926,0.108358085
981,0.11413887,0.11301741,0.108484834
982,0.11605178,0.115129724,0.1106644
983,0.114972845,0.114469826,0.110280946
984,0.11393915,0.1139572,0.10965799
985,0.11445908,0.11390452,0.109919384
986,0.11211921,0.11200115,0.10730529
987,0.11340849,0.1128851,0.1085456
988,0.11188178,0.11203721,0.10810034
989,0.112626314,0.11276421,0.108432755
990,0.11206128,0.11162351,0.10690439
991,0.109892935,0.109779954,0.10555112
992,0.10923904,0.109472275,0.10507107
993,0.108826324,0.10872798,0.10514371
994,0.107816175,0.10858227,0.10525113
995,0.10979374,0.10978991,0.105791986
996,0.114729494,0.11401716,0.110251084
997,0.11634934,0.11545627,0.11177027
998,0.118316785,0.11785701,0.114170045
999,0.11953424,0.11854246,0.1145571
1000,0.10836433,0.10775949,0.10320334
1001,0.099221155,0.0989279,0.09442079
1002,0.100850835,0.10132207,0.09706412
1003,0.10417445,0.10379735,0.09915222
1004,0.107569605,0.10744667,0.10200015
1005,0.11167103,0.11157818,0.10604617
1006,0.12102941,0.12050873,0.11464846
1007,0.13485573,0.13456577,0.12743033
1008,0.1406569,0.140672,0.13293901
1009,0.1409309,0.14114249,0.13418183
1010,0.15315346,0.15314461,0.14509103
1011,0.16658908,0.16619831,0.15772502
1012,0.173301,0.17314298,0.16470538
1013,0.17939807,0.17881384,0.16998792
1014,0.18175136,0.18085824,0.17233129
1015,0.18576461,0.18493813,0.17711447
1016,0.18502071,0.1845936,0.17710468
1017,0.18937184,0.18914956,0.18226361
1018,0.18894444,0.1885719,0.18271758
1019,0.1762368,0.17712194,0.17275697
1020,0.16071372,0.16131124,0.15736917
1021,0.1541019,0.15598333,0.15235822
1022,0.157344,0.15877295,0.15484233
1023,0.15279411,0.15477912,0.15095751
1024,0.14523299,0.14710383,0.1441649
1025,0.14395668,0.14508924,0.14153916
1026,0.1441739,0.14579086,0.1422155
1027,0.14666139,0.14636184,0.14255224
1028,0.14750868,0.14659402,0.14242005
1029,0.14561029,0.14525773,0.14071077
1030,0.14537783,0.14453201,0.13961647
1031,0.15134677,0.1495108,0.14297248
1032,0.14492725,0.1432076,0.13722545
1033,0.12509134,0.12416762,0.119614065
1034,0.10120393,0.10199326,0.099856615
1035,0.088583395,0.08955254,0.08719003
1036,0.08154288,0.08357084,0.08092587
1037,0.079446256,0.08168815,0.078272775
1038,0.07820149,0.0798347,0.07593952
1039,0.07922034,0.07975078,0.0756689
1040,0.08054112,0.08101103,0.07593863
1041,0.07569493,0.077187836,0.07229856
1042,0.07792167,0.079366416,0.0735243
1043,0.08106458,0.08221792,0.0765702
1044,0.090620875,0.09111604,0.084313676
1045,0.09503241,0.09542273,0.08831254
1046,0.10023247,0.10045785,0.09393968
1047,0.09965782,0.10004312,0.093429655
1048,0.102677286,0.1028381,0.09538165
1049,0.101770386,0.102333486,0.09527893
1050,0.10037622,0.101790264,0.095552415
1051,0.10731578,0.10843022,0.102803364
1052,0.11340977,0.1147469,0.10983986
1053,0.11929658,0.120197535,0.114713505
1054,0.11989336,0.12027408,0.11481273
1055,0.11566068,0.11603789,0.11128032
1056,0.11440593,0.114825144,0.10990395
1057,0.11161399,0.11198634,0.107995346
1058,0.111379966,0.11282927,0.10874662
1059,0.11263318,0.11377303,0.10960542
1060,0.11369401,0.114648566,0.11062251
1061,0.11528005,0.11553098,0.11113739
1062,0.11532478,0.11570625,0.11129741
1063,0.11428587,0.114981696,0.11067526
1064,0.11429134,0.11469732,0.10998522
1065,0.112883866,0.113794446,0.109556854
1066,0.11398098,0.11405864,0.10921891
1067,0.112397,0.11299582,0.10907014
1068,0.11434011,0.11474022,0.11047183
1069,0.113214105,0.113622606,0.108753145
1070,0.113068566,0.113353595,0.108550504
1071,0.110507116,0.1106763,0.10601959
1072,0.11027165,0.11047204,0.10594341
1073,0.112238854,0.11194816,0.107563615
1074,0.11317617,0.11315191,0.10806069
1075,0.11073558,0.11101836,0.10671753
1076,0.11119285,0.11103006,0.10597196
1077,0.110562235,0.110703975,0.10572547
1078,0.111778125,0.11142473,0.10677597
1079,0.112974346,0.1130732,0.10822494
1080,0.11196187,0.11223304,0.10746884
1081,0.11166835,0.11171807,0.1069165
1082,0.1111877,0.111140445,0.10657641
1083,0.11165358,0.11168285,0.10704273
1084,0.11004157,0.10950576,0.10480963
1085,0.10992426,0.11013141,0.10527398
1086,0.108873606,0.108883604,0.10456869
1087,0.10983731,0.109626055,0.10518895
1088,0.10887067,0.1088355,0.104449615
1089,0.10984409,0.11011115,0.10622494
1090,0.10827586,0.10811627,0.103230074
1091,0.10726261,0.10719201,0.102354854
1092,0.10773502,0.107959345,0.10279426
1093,0.11375894,0.11362943,0.10821998
1094,0.11432196,0.114247724,0.10940614
1095,0.11558235,0.1152688,0.110695645
1096,0.10294914,0.103134006,0.09903027
1097,0.07910025,0.080058485,0.0767802
1098,0.06759906,0.06979448,0.06692348
1099,0.06429157,0.067239895,0.0638846
1100,0.06393767,0.06679524,0.062997624
1101,0.06786063,0.07007198,0.06531964
1102,0.07248092,0.07431598,0.06914757
1103,0.079827264,0.08045712,0.07468861
1104,0.081193596,0.082072854,0.07646996
1105,0.07788584,0.07873416,0.072775066
1106,0.073826715,0.07566512,0.06947836
1107,0.0704657,0.07237306,0.06642789
1108,0.0710447,0.07259911,0.06671109
1109,0.06997654,0.07164436,0.06538979
1110,0.06825157,0.07014198,0.06389107
1111,0.06934239,0.0703768,0.06386685
1112,0.06876265,0.07041787,0.06375123
1113,0.06725346,0.06882408,0.062473834
1114,0.06594752,0.06854465,0.06284343
1115,0.06932634,0.071679845,0.06568308
1116,0.07389832,0.075662926,0.0690258
1117,0.07769132,0.07935992,0.07326588
1118,0.08185473,0.08384901,0.07786213
1119,0.087028995,0.088146985,0.08146688
1120,0.089700654,0.09081614,0.08351916
1121,0.090458155,0.09142773,0.08480728
1122,0.09005888,0.09092806,0.08454232
1123,0.093345866,0.09420867,0.08794926
1124,0.10214615,0.10281284,0.09625192
1125,0.10555264,0.10623622,0.09985253
1126,0.10434972,0.10498898,0.09898372
1127,0.10405597,0.10486594,0.0988709
1128,0.10471283,0.10522978,0.09921488
1129,0.1057978,0.10641505,0.10089643
1130,0.10580172,0.10716045,0.10166724
1131,0.10558383,0.106883794,0.10134733
1132,0.10983254,0.11098941,0.10563694
1133,0.12168743,0.12299749,0.11689405
1134,0.12875682,0.12984252,0.12370467
1135,0.11612381,0.117486686,0.11206086
1136,0.094583675,0.09658107,0.09213604
1137,0.09207544,0.09357396,0.089570835
1138,0.109923705,0.11159927,0.10634446
1139,0.12042737,0.122010216,0.11606309
1140,0.12810652,0.1290933,0.12322946
1141,0.13543011,0.13657925,0.13020845
1142,0.12302779,0.12452659,0.1184645
1143,0.097616374,0.10030371,0.0951588
1144,0.07966122,0.08358455,0.07928631
1145,0.07041116,0.07480572,0.07154884
1146,0.066382855,0.070780426,0.06790775
1147,0.07042231,0.0737508,0.07127667
1148,0.07606721,0.07873568,0.07456377
1149,0.075130284,0.076566815,0.07156938
1150,0.07705885,0.07794286,0.07206163
1151,0.07948759,0.0801186,0.07450414
1152,0.08007002,0.08168423,0.07615301
1153,0.07920821,0.08178726,0.0770738
1154,0.083310515,0.08455761,0.07943757
1155,0.08783205,0.08807042,0.08173598
1156,0.09185,0.09158927,0.08445805
1157,0.09403947,0.0936894,0.08673911
1158,0.09704819,0.09702112,0.09035516
1159,0.101990044,0.10270113,0.096131474
1160,0.10355188,0.10483049,0.099337935
1161,0.107790396,0.10900371,0.10321078
1162,0.11024733,0.11164668,0.10615465
1163,0.11114389,0.111932784,0.10660057
1164,0.1143235,0.114688784,0.10915671
1165,0.11804691,0.11931409,0.114284426
1166,0.12016325,0.120628804,0.11600289
1167,0.12583597,0.12679479,0.12150301
1168,0.1277466,0.12858261,0.123516366
1169,0.13177761,0.13276103,0.12756833
1170,0.13483872,0.13562478,0.13062082
1171,0.13463064,0.13539262,0.13043375
1172,0.13375564,0.13483894,0.12946327
1173,0.13498536,0.13586698,0.13103554
1174,0.13857843,0.13972792,0.13565113
1175,0.14171618,0.14221913,0.1375201
1176,0.1392834,0.13979585,0.1351719
1177,0.13417426,0.13493338,0.13073628
1178,0.13270085,0.13304782,0.12883238
1179,0.13650043,0.13752592,0.13348289
1180,0.13636261,0.13758697,0.1337047
1181,0.1359594,0.13692932,0.13329
1182,0.13708974,0.13815346,0.13406563
1183,0.13569118,0.1361973,0.13303
1184,0.13581179,0.13555366,0.13106441
1185,0.13623405,0.13595738,0.13124381
1186,0.1436061,0.14422886,0.14051458
1187,0.15695032,0.15742138,0.15396006
1188,0.16805609,0.16890585,0.16495126
1189,0.18011914,0.17905144,0.17416973
1190,0.18237308,0.18069212,0.17443639
1191,0.17675674,0.17617007,0.16976705
1192,0.14821728,0.14672285,0.14197657
1193,0.1439303,0.1417337,0.13652791
1194,0.15195018,0.15043922,0.14488305
1195,0.14280741,0.14250638,0.1387049
1196,0.1366128,0.13700372,0.13315266
1197,0.1582322,0.15757903,0.15073135
1198,0.17212887,0.17093733,0.1623206
1199,0.1853107,0.1839301,0.17427215
1200,0.25018,0.25037867,0.23710091
1201,0.28286266,0.28481197,0.27412271
1202,0.27356946,0.27553037,0.26573408
1203,0.25050363,0.2510301,0.2433358
1204,0.2277342,0.22663143,0.21880676
1205,0.21055472,0.20906094,0.2017003
1206,0.19126563,0.18928376,0.18298496
1207,0.18678156,0.18468826,0.1769702
1208,0.23531453,0.23046559,0.22170451
1209,0.21099044,0.20885836,0.20229982
1210,0.17744465,0.17755279,0.17318307
1211,0.15551613,0.15597853,0.15192293
1212,0.13256308,0.13715775,0.13706186
1213,0.13909835,0.14486583,0.14362483
1214,0.15152286,0.15799418,0.15436491
1215,0.17518814,0.17801611,0.16906887
1216,0.18577236,0.18340075,0.17374025
1217,0.17750464,0.1729549,0.16228886
1218,0.18482685,0.17837432,0.16699766
1219,0.1712626,0.16707046,0.15978108
1220,0.16508459,0.16341537,0.15936372
1221,0.13886957,0.13829024,0.13521966
1222,0.1133479,0.11379586,0.110929206
1223,0.10099107,0.1020287,0.09828775
1224,0.088346034,0.09029283,0.08664718
1225,0.08192247,0.08159168,0.07504752
1226,0.074486524,0.0758716,0.070004195
1227,0.070598796,0.0735578,0.06884004
1228,0.070421144,0.072589114,0.0678015
1229,0.07083151,0.0732912,0.0692572
1230,0.077201605,0.078180656,0.07217611
1231,0.11293951,0.11338708,0.10592756
1232,0.13188443,0.13094768,0.12277272
1233,0.12951975,0.12860489,0.12155056
1234,0.16271277,0.16496757,0.15535131
1235,0.20094971,0.20512693,0.19617917
1236,0.21905348,0.22072774,0.21034917
1237,0.23050743,0.23310801,0.22278102
1238,0.23428652,0.23752923,0.22919412
1239,0.21042207,0.2132249,0.20750648
1240,0.22159617,0.22299291,0.2177167
1241,0.24155618,0.24199763,0.2340671
1242,0.25358725,0.25342885,0.24861842
1243,0.26625636,0.27017185,0.26526108
1244,0.29550987,0.29855156,0.29055792
1245,0.33866274,0.33806607,0.3289165
1246,0.3541998,0.35495028,0.34997177
1247,0.35963032,0.36145806,0.35547522
1248,0.3648218,0.36580262,0.36255878
1249,0.3563059,0.35855216,0.35472634
1250,0.36989734,0.37294748,0.36818886
1251,0.40662256,0.40825593,0.39544633
1252,0.5015638,0.50536263,0.47871166
1253,0.5635911,0.56378084,0.5501269
1254,0.53804743,0.5321579,0.5286167
1255,0.5303448,0.528379,0.52065456
1256,0.53258646,0.5308234,0.5275356
1257,0.5093097,0.505891,0.5103001
1258,0.4821333,0.47487277,0.47767508
1259,0.48992932,0.48616973,0.48121598
1260,0.5010419,0.49563456,0.48214304
1261,0.48366937,0.47055927,0.46362406
1262,0.4850749,0.46869764,0.45421666
1263,0.45795557,0.43826264,0.42306694
1264,0.44172785,0.4281998,0.40899983
1265,0.43519047,0.4260975,0.4067848
1266,0.45686328,0.45042536,0.42558533
1267,0.4609294,0.4495809,0.42913386
1268,0.45076403,0.4344954,0.41456634
1269,0.43515703,0.41665885,0.39830506
1270,0.40195653,0.38301912,0.36941022
1271,0.33434722,0.31451914,0.3059518
1272,0.28974387,0.27396843,0.26776466
1273,0.27624512,0.26159835,0.25442034
1274,0.24996166,0.23708762,0.23262726
1275,0.22797664,0.21381116,0.2092981
1276,0.22827719,0.21444885,0.2071072
1277,0.24085745,0.22800396,0.21898319
1278,0.23120895,0.21877415,0.2084056
1279,0.21518356,0.20471646,0.19355331
1280,0.20798764,0.19789743,0.1870709
1281,0.20467782,0.19709772,0.18631695
1282,0.21084209,0.20426051,0.19453378
1283,0.20356232,0.19660863,0.18749894
1284,0.19392407,0.187126,0.17739181
1285,0.18702869,0.18085879,0.1709572
1286,0.18018356,0.17515215,0.16595526
1287,0.16804713,0.16223659,0.1500694
1288,0.14869244,0.14510809,0.13516812
1289,0.10605228,0.102041736,0.09547016
1290,0.08020328,0.07599792,0.06928516
1291,0.071401805,0.07106596,0.06521812
1292,0.07551968,0.07563846,0.070196584
1293,0.080299035,0.07915574,0.07150693
1294,0.08061139,0.07909332,0.07093458
1295,0.07961497,0.07754812,0.06915811
1296,0.0764782,0.07747643,0.06946477
1297,0.07184759,0.07517393,0.06867622
1298,0.06820525,0.07115711,0.06491603
1299,0.06282254,0.06727502,0.062551886
1300,0.05617011,0.062092684,0.057584483
1301,0.05729521,0.06260077,0.058392834
1302,0.054305725,0.059212305,0.05456584
1303,0.056429666,0.06107073,0.05518417
1304,0.05215319,0.056651473,0.05235584
1305,0.049978547,0.055622183,0.05184686
1306,0.051508687,0.057339042,0.053351823
1307,0.051143773,0.056934543,0.05398484
1308,0.05436815,0.05806763,0.05317985
1309,0.05631062,0.05929014,0.054121837
1310,0.058154263,0.060916893,0.055343527
1311,0.057233814,0.060069952,0.054430272
1312,0.05751887,0.060180504,0.054883264
1313,0.059357535,0.06193407,0.056555044
1314,0.061378527,0.06375562,0.058399837
1315,0.061166786,0.063528314,0.05776474
1316,0.05936987,0.06181858,0.056357875
1317,0.061244912,0.06332578,0.05736798
1318,0.060316958,0.06229692,0.05662513
1319,0.059311446,0.061596647,0.055905566
1320,0.05853165,0.060659498,0.054574374
1321,0.060132477,0.062341258,0.056255255
1322,0.05846967,0.061043825,0.05539304
1323,0.058733724,0.06074238,0.054768227
1324,0.056964736,0.058778398,0.053009976
1325,0.05652603,0.058304284,0.053269856
1326,0.05948155,0.061627414,0.056109514
1327,0.060104553,0.061722405,0.056687195
1328,0.058465883,0.06001419,0.05541209
1329,0.056781806,0.059013575,0.053841222
1330,0.052724123,0.054718077,0.049942467
1331,0.05087338,0.053519644,0.048484027
1332,0.04732684,0.049556967,0.044925813
1333,0.03537082,0.03806105,0.03449126
1334,0.03715202,0.040112868,0.03652796
1335,0.037702348,0.040699217,0.036722317
1336,0.036696635,0.03962187,0.03575716
1337,0.03522987,0.038294457,0.03405154
1338,0.03343542,0.036185853,0.03244742
1339,0.03146487,0.034130864,0.030459808
1340,0.031544074,0.034398902,0.031116791
1341,0.031071214,0.033850968,0.030780058
1342,0.030870203,0.03336421,0.030398544
1343,0.030971307,0.03330193,0.030096436
1344,0.031474113,0.0336074,0.030063251
1345,0.031561248,0.03438077,0.031222519
1346,0.031047164,0.033577584,0.029835075
1347,0.029740341,0.03234089,0.029497169
1348,0.02888047,0.031167513,0.028185826
1349,0.030758923,0.032714188,0.029420977
1350,0.02772651,0.029897995,0.027016718
1351,0.028708875,0.030660426,0.027886216
1352,0.032232404,0.034006163,0.030596938
1353,0.03404296,0.036207132,0.033335112
1354,0.036402896,0.03855051,0.035515666
1355,0.035880476,0.038304925,0.03569381
1356,0.037524514,0.039697364,0.03673172
1357,0.04067523,0.042777598,0.03889243
1358,0.040665615,0.043305147,0.03936632
1359,0.039722145,0.04203605,0.038317457
1360,0.03925556,0.041998845,0.03825156
1361,0.04028517,0.042199634,0.03818808
1362,0.037830673,0.040121444,0.036183007
1363,0.039422553,0.04138895,0.037572294
1364,0.037689455,0.03944359,0.035850335
1365,0.037335906,0.040220533,0.036642246
1366,0.03656275,0.03890587,0.035236277
1367,0.034399953,0.03651806,0.033151012
1368,0.034768835,0.037141435,0.03391622
1369,0.03458906,0.036438726,0.033176716
1370,0.03452655,0.03617809,0.03255625
1371,0.032701217,0.034474157,0.030758627
1372,0.03318,0.03497272,0.031230299
1373,0.031012725,0.0329765,0.029470459
1374,0.03018534,0.03241034,0.028995816
1375,0.029209431,0.03104074,0.027620018
1376,0.027916217,0.02997248,0.026879512
1377,0.028023226,0.030113801,0.02687414
1378,0.02757438,0.029329296,0.025919564
1379,0.026279703,0.027857397,0.024538413
1380,0.0253557,0.02651827,0.023695912
1381,0.024679538,0.025882177,0.023020733
1382,0.024026431,0.025376918,0.022558685
1383,0.024819985,0.026228594,0.023344705
1384,0.026155423,0.027333781,0.024941236
1385,0.028378012,0.030025776,0.027480375
1386,0.028823521,0.030498892,0.02773377
1387,0.027748862,0.028787514,0.026278399
1388,0.032829918,0.03488722,0.032065686
1389,0.034891058,0.037283637,0.034143314
1390,0.03801933,0.04070516,0.037319686
1391,0.037370317,0.039790355,0.036721457
1392,0.037173674,0.039106824,0.03588053
1393,0.04004761,0.042299226,0.038608186
1394,0.04229683,0.04447822,0.041215017
1395,0.04482066,0.047649797,0.043926306
1396,0.046787884,0.049763493,0.04573566
1397,0.048853643,0.051283803,0.04738202
1398,0.051050324,0.053800885,0.049530156
1399,0.05451258,0.057101328,0.05287952
1400,0.057277318,0.059582595,0.05489715
1401,0.055532955,0.05804662,0.0533088
1402,0.054563597,0.056688268,0.051663898
1403,0.052727945,0.0553232,0.05075412
1404,0.052102704,0.054711595,0.050588444
1405,0.05501793,0.057202913,0.052375574
1406,0.05509663,0.057309132,0.052380804
1407,0.054745827,0.056893755,0.052454375
1408,0.05667148,0.05857573,0.053749155
1409,0.054186497,0.056550782,0.052606475
1410,0.053595003,0.0557176,0.051131096
1411,0.053875573,0.056529313,0.052455865
1412,0.05538546,0.057372577,0.052526847
1413,0.05173321,0.05414002,0.049190488
1414,0.047062963,0.049464304,0.04453084
1415,0.044122428,0.046535112,0.042498555
1416,0.04214535,0.0445917,0.04033687
1417,0.03942935,0.042130448,0.037799608
1418,0.035711832,0.038382217,0.034184404
1419,0.031374402,0.034685142,0.03139492
1420,0.030973952,0.033509836,0.030001864
1421,0.031933926,0.034456998,0.030960534
1422,0.031634554,0.03404569,0.030888122
1423,0.030259816,0.032468185,0.029371409
1424,0.026219975,0.028339876,0.025380325
1425,0.024191465,0.026011338,0.023081034
1426,0.021797858,0.02345486,0.020912413
1427,0.020841448,0.022700034,0.020167679
1428,0.021729901,0.023081206,0.020128187
1429,0.02195495,0.023480536,0.02102326
1430,0.023632798,0.025119005,0.022626277
1431,0.024750337,0.026166819,0.023752071
1432,0.027036708,0.028762726,0.026046406
1433,0.028128555,0.02982437,0.027063556
1434,0.03093643,0.033420995,0.03058299
1435,0.034933392,0.036955666,0.033652827
1436,0.048511982,0.05122415,0.047143172
1437,0.06475644,0.06785278,0.06302397
1438,0.07146342,0.07420951,0.06934338
1439,0.06582402,0.06760037,0.06289215
1440,0.061134513,0.06328659,0.058245525
1441,0.05956595,0.06171858,0.056924928
1442,0.05518307,0.05751784,0.05288302
1443,0.055581704,0.057717778,0.05274494
1444,0.05464995,0.056854337,0.0523427
1445,0.052903,0.055374216,0.05096936
1446,0.05304814,0.055124078,0.050990086
1447,0.052165587,0.05443274,0.050061673
1448,0.051174384,0.05355877,0.049325965
1449,0.050528273,0.053228315,0.04887209
1450,0.05289625,0.05523645,0.051021744
1451,0.054255888,0.057146564,0.0529874
1452,0.05423129,0.056828294,0.052093204
1453,0.054958727,0.056778777,0.05179349
1454,0.054580152,0.055857524,0.050819863
1455,0.05348236,0.05461194,0.049317013
1456,0.052901845,0.05480448,0.05024248
1457,0.05047901,0.052655924,0.04828105
1458,0.05179266,0.05381181,0.049031124
1459,0.04827914,0.050251734,0.046304625
1460,0.04897676,0.051099185,0.04679023
1461,0.049034026,0.050994936,0.04645672
1462,0.047473453,0.04916516,0.044761408
1463,0.04729935,0.049489565,0.04515384
1464,0.046331245,0.048750397,0.044712096
1465,0.047787398,0.049464792,0.04536668
1466,0.04642154,0.048647314,0.04425152
1467,0.045162644,0.047455695,0.043654803
1468,0.046099223,0.047802787,0.043115772
1469,0.045784876,0.04809799,0.04417253
1470,0.04589398,0.047774635,0.043238435
1471,0.045870926,0.047932595,0.04350396
1472,0.044056166,0.046299554,0.04219368
1473,0.044809163,0.046812385,0.042449173
1474,0.046613254,0.048527192,0.044398114
1475,0.04717809,0.049478114,0.04487069
1476,0.047294848,0.04948378,0.0459297
1477,0.04963832,0.051446546,0.046621952
1478,0.050055664,0.05188603,0.047136925
1479,0.04919267,0.051144607,0.047468457
1480,0.046362914,0.04811381,0.044041038
1481,0.03624565,0.038520057,0.034264036
1482,0.029173078,0.03175579,0.028208386
1483,0.027750788,0.03024222,0.02691757
1484,0.02510389,0.027519941,0.024827464
1485,0.027308386,0.030195823,0.02724624
1486,0.030044783,0.032103315,0.028804574
1487,0.029394504,0.0320447,0.028712852
1488,0.027951889,0.030066358,0.026917383
1489,0.029093098,0.03132928,0.02802028
1490,0.031278007,0.033276998,0.030595059
1491,0.033282768,0.035467535,0.032312214
1492,0.0341841,0.03653361,0.033019632
1493,0.034409665,0.037009463,0.03375057
1494,0.033594936,0.035706192,0.032339543
1495,0.035684243,0.037692383,0.033832967
1496,0.032196894,0.034199115,0.03077532
1497,0.028170433,0.030309385,0.027347807
1498,0.025686376,0.027400536,0.024982858
1499,0.0251523,0.02685589,0.024448164
1500,0.027619505,0.028920962,0.025485
1501,0.026331266,0.027614025,0.024945628
1502,0.02574106,0.026773853,0.024271991
1503,0.02578279,0.02627403,0.023484245
1504,0.027588852,0.028888127,0.026019186
1505,0.025249137,0.0264998,0.02362528
1506,0.02431936,0.025331706,0.022365898
1507,0.024864657,0.026004575,0.023166873
1508,0.024615265,0.025549926,0.022783931
1509,0.027516741,0.029129999,0.026155554
1510,0.027781453,0.02896995,0.025881492
1511,0.02950805,0.031214818,0.02841088
1512,0.02986946,0.03098188,0.028153038
1513,0.031147022,0.03319355,0.030079328
1514,0.03149994,0.033537835,0.030166801
1515,0.032415528,0.034499932,0.031332146
1516,0.030772643,0.032386772,0.029515918
1517,0.030281775,0.03184008,0.02915241
1518,0.029645225,0.030844247,0.028162252
1519,0.030040022,0.031545155,0.02890765
1520,0.026895778,0.027917074,0.025172487
1521,0.025050238,0.025578894,0.022381764
1522,0.02332907,0.024022736,0.02126757
1523,0.026083648,0.027338747,0.024926119
1524,0.03300373,0.035181955,0.032099947
1525,0.037561145,0.040016912,0.036116716
1526,0.041028142,0.043922845,0.040048204
1527,0.041951515,0.044615928,0.040791295
1528,0.041775793,0.04409231,0.04007937
1529,0.043090682,0.0454707,0.041330755
1530,0.04333624,0.045867175,0.042151466
1531,0.04485717,0.047602195,0.043263573
1532,0.046801187,0.049297553,0.044734724
1533,0.045805052,0.048462074,0.04375773
1534,0.046524137,0.04875376,0.04383154
